,설치장소,주소,경도,위도
0,LH강남힐스테이트,서울특별시 강남구 자곡동 자곡로3길 21,127.088116003682,37.4717696093503
1,LH서울지사,서울특별시 강남구 선릉로 121길 12,127.040980521201,37.5145007522047
2,가람아파트,서울특별시 강남구 일원동 일원로 127,127.085383839812,37.4831592916235
3,강남구청 공영주차장,서울 강남구 삼성동 16-1,127.047486715281,37.5175689359462
4,강남데시앙파크,서울특별시 강남구 세곡동 헌릉로590길 63,127.101540870536,37.4610465369667
5,강남데시앙포레,서울특별시 강남구 수서동 광평로34길55,127.09236666742,37.4808490788974
6,강남세브란스 병원,서울특별시 강남구 언주로 211,127.04631039276,37.4928059943729
7,강남아이파크,서울특별시 강남구 자곡동 자곡로 175,127.102541254792,37.4742501650724
8,강남한신휴 플러스8단지,서울특별시 강남구 율현동 밤고개로27길 20,127.109766293616,37.4709019186514
9,강남한신휴플러스6단지 아파트,서울특별시 강남구 율현동 밤고개로26길 50,127.104821314643,37.4678110775324
10,강남한양수자인,서울특별시 강남구 자곡동 자곡로 260,127.111605691158,37.4765487155437
11,개나리래미안 아파트,서울특별시 강남구 역삼동 역삼로 306,127.046959597261,37.4989772734253
12,개나리푸르지오,서울 강남구 역삼동 755-1,127.049979318614,37.4997216170335
13,개포7차 우성 아파트,서울특별시 강남구 일원동 개포로110길 15,127.079114775367,37.4932437695434
14,금호어울림 아파트(삼성동),서울특별시 강남구 삼성동 봉은사로111길 25,127.064711539967,37.5167310208717
15,대치2문화센터 공영주차장,서울 강남구 대치동 980-9,127.064167282703,37.502256950384
16,대치현대 아파트,서울특별시 강남구 대치동 삼성로64길 5,127.060513370102,37.5004468659061
17,도곡대림아크로빌,서울특별시 강남구 도곡동 언주로30길 13,127.050674343873,37.488142210176
18,도곡렉슬 아파트,서울특별시 강남구 도곡동 선릉로 221,127.049734781209,37.4942068396456
19,도성 아파트,서울특별시 강남구 삼성로67길 14,127.058317239825,37.5011351676492
20,라테라스삼성,서울특별시 강남구 삼성동 봉은사로 645,127.065797536254,37.515549475602
21,래미안강남힐즈,서울특별시 강남구 자곡동 자곡로 101,127.09580546288,37.4726550843713
22,래미안그레이튼,서울특별시 강남구 역삼동 도곡로43길 20,127.048617116855,37.4968651846123
23,래미안대치팰리스,서울특별시 강남구 대치동 삼성로51길 37,127.057697682666,37.4934361918055
24,래미안대치하이스턴 아파트,서울특별시 강남구 대치동 도곡로93길 12,127.065474666225,37.5015123626981
25,래미안삼성1차,서울 강남구 삼성동 103-22,127.063972792252,37.5171348025177
26,삼성동 에스케이뷰 아파트,서울특별시 강남구 삼성동 봉은사로109길 14-8,127.064865470194,37.516316925353
27,삼성동한일아파트,서울 강남구 삼성동 48,127.049875942307,37.5139822270859
28,삼성동현대아파트,서울특별시 강남구 삼성동 학동로64길 14,127.044610371945,37.5167641097685
29,삼성동힐스테이트2단지,서울특별시 강남구 삼성로 111길 8,127.051739053534,37.5147315113728
30,삼성우정에쉐르아파트,서울 강남구 삼성동 3-8,127.044328510674,37.5171821913927
31,삼성중앙하이츠빌리지,서울특별시 강남구 삼성동 학동로68길 30,127.046509909248,37.5165797525495
32,삼성파크 아파트,서울특별시 강남구 삼성동 삼성로99길 14,127.053823926161,37.5092121092573
33,샘터마을 아파트,서울특별시 강남구 일원동 일원로 120,127.082672775781,37.4852019134102
34,세곡리엔파크1단지,서울 강남구 세곡동 508,127.100502534024,37.4642296169066
35,세곡리엔파크2단지 아파트,서울특별시 강남구 세곡동 헌릉로 590길10,127.102680316828,37.4645049858275
36,세곡리엔파크3단지,서울특별시 강남구 세곡동 헌릉로590길 11,127.104164996083,37.4643876362108
37,세곡푸르지오아파트,서울 강남구 세곡동 533,127.092967002535,37.4667793397486
38,아이파크삼성동,서울특별시 강남구 삼성동 영동대로 640,127.059549285144,37.5183982498328
39,아크로힐스논현,서울 강남구 논현동 276-1,127.038954823034,37.5095251011602
40,압구정하이츠파크,서울특별시 강남구 신사동 압구정로42길 78,127.033632106831,37.5240486607851
41,역삼2차아이파크아파트,서울특별시 강남구 역삼동 도곡로57길 12,127.051221687715,37.4966993800373
42,역삼e-편한세상,서울 강남구 역삼동 755-4,127.049878493722,37.4987776755024
43,역삼래미안,서울 강남구 역삼동 757,127.050048075024,37.4975161048325
44,우정에쉐르 3차,서울 강남구 대치동 950,127.062277835539,37.5068833623495
45,청담래미안로이뷰,서울특별시 강남구 청담동 영동대로142길 16,127.056212003425,37.5247578108974
46,청담자이 아파트,서울특별시 강남구 청담동 영동대로138길 12,127.057249781197,37.5241014728573
47,청담파크파라곤,서울특별시 강남구 청담동 학동로97길 31,127.054548840417,37.5213802819212
48,타워팰리스 2차,서울특별시 강남구 도곡동 언주로30길 57,127.054005831296,37.4894751267354
49,타워팰리스1차,서울특별시 강남구 도곡동 언주로30길 56,127.053483219997,37.4880695220981
50,타워팰리스G동,서울특별시 강남구 도곡동 언주로30길 26,127.052530150983,37.4877632466167
51,헌릉로745길 노상주차장,서울특별시 강남구 율현동 101-13,127.118461427396,37.4702552460142
52,현대까르띠에710아파트,서울 강남구 역삼동 710,127.044921321564,37.5014708794326
53,GS강동자이 아파트,서울시 강동구 천호대로 1239(길동),127.148276995511,37.5378612798048
54,강동보건소,서울 강동구 성내동 541-2,127.12556156816,37.5292323364406
55,강동송파지사,서울 강동구 둔촌동 522-9,127.135570329381,37.5238225609197
56,강동헤르셔,서울특별시 강동구 천호동 천호대로 1089,127.133115595362,37.5366048791746
57,강일리버파크 6단지,서울특별시 강동구 강일동 아리수로94길 19,127.177260246293,37.5627330061505
58,강일리버파크10단지,서울특별시 강동구 강일동 고덕로97길 20,127.179997616634,37.5592084943697
59,강일리버파크11단지,서울특별시 강동구 강일동 고덕로97길 100,127.179992858104,37.5627349985858
60,강일리버파크3단지,서울특별시 강동구 강일동 아리수로93길 40,127.175106641578,37.5655171416703
61,강일리버파크5단지,서울특별시 강동구 강일동 아리수로97길 20,127.178137155501,37.5685142719635
62,강일리버파크7단지 아파트,서울특별시 강동구 아리수로98길 25,127.178358990921,37.5652765727484
63,경보그레이스 힐,서울특별시 강동구 성내동 풍성로53길 40,127.135385681914,37.5311316950152
64,고덕리엔파크1단지,서울특별시 강동구 상일로 152,127.171346232915,37.5616354948966
65,고덕리엔파크3단지 아파트,서울특별시 강동구 상일로 74,127.174785524346,37.5513683747695
66,고덕아이파크,서울특별시 강동구 고덕동 동남로79길 26,127.153744243632,37.5591838811941
67,길동삼익파크,서울특별시 강동구 길동 명일로 293,127.146363375022,37.5447065746306
68,대우한강베네시티 아파트,서울시 강동구 올림픽로 664,127.124975762766,37.540555377209
69,둔촌푸르지오아파트,서울특별시 강동구 둔촌동 명일로 172,127.145070787029,37.5341381859815
70,명일동 공영주차장,서울특별시 강동구 구천면로 395(명일동),127.14290437509,37.55104077333
71,명일한양아파트,서울특별시 강동구 명일동 동남로71길 19,127.154720559859,37.551044532043
72,삼익가든아파트,서울 강동구 명일동 260-1,127.147177111382,37.5460427349575
73,성내1차이편한세상,서울 강동구 성내동 598,127.130952135652,37.5332945907175
74,성내동중앙하이츠,서울특별시 강동구 성내동 410-2,127.133544327063,37.5305281388283
75,성내삼성 아파트,서울특별시 강동구 성내동 풍성로 128,127.125981133302,37.5299439507419
76,신성둔촌미소지움아파트 입주자대표회의,서울특별시 강동구 둔촌동 명일로 102,127.142547152953,37.5276463957348
77,암사라인 아파트,서울특별시 강동구 암사동 고덕로 53,127.131142064853,37.5549810597581
78,암펠로스타워,서울특별시 강동구 둔촌동 명일로 110,127.143165938025,37.5288078485418
79,천호1동 공영주차장,서울특별시 강동구 구천면로 42길 60(천호동),127.136262926344,37.5449887814005
80,한강포스파크아파트,서울특별시 강동구 암사동 고덕로19길 30,127.133831889947,37.556149517849
81,한강현대 아파트,서울특별시 강동구 암사동 올림픽로104길 41,127.131306275868,37.5560117079515
82,현대백화점 천호점,서울특별시 강동구 천호대로 1005,127.124440988259,37.5389750482546
83,홈플러스 강동점,서울특별시 강동구 양재대로 1571,127.14225531407,37.5457145865749
84,힐스테이트암사,서울특별시 강동구 암사동 올림픽로91길 30,127.125136976054,37.5489339540171
85,강북문화예술회관,서울특별시 강북구 수유동 360-10,127.013427615904,37.64079090137
86,강북성북지사,서울특별시 강북구 미아동 190-1,127.024944816683,37.6305693318587
87,강북성북지사(공용),서울특별시 강북구 미아동 190-1,127.024944816683,37.6305693318587
88,래미안미아1차 아파트,서울특별시 강북구 미아동 797,127.019405125903,37.6259766933665
89,미아동부센트레빌,서울특별시 강북구 미아동 474,127.025708332062,37.6136767350618
90,미아한일유앤아이APT,서울특별시 강북구 미아동 1355,127.036554784672,37.614985442801
91,해모로아파트,서울특별시 강북구 번동 139,127.037518381078,37.6263821831818
92,효성네오인텔리안,서울특별시 강북구 번동 418-3,127.027039148071,37.6386747667765
93,e편한세상염창,서울 강서구 염창동 309,126.870778019807,37.5489515385441
94,강서한강자이아파트,서울특별시 강서구 가양동 양천로55길 55,126.8481831828,37.5663284781553
95,마곡13단지 힐스테이트마스터,서울특별시 강서구 마곡동 748,126.818287770104,37.5577909438278
96,마곡수명산파크1단지,서울특별시 강서구 내발산동 742,126.830206010388,37.554378050436
97,마곡수명산파크3단지,서울특별시 강서구 내발산동 751,126.824912207374,37.5528192530167
98,마곡수명산파크5단지,서울특별시 강서구 내발산동 749,126.827067848467,37.5519895481685
99,마곡수명산파크6단지,서울특별시 강서구 내발산동 수명로2길 63,126.825821922696,37.5498753287677
100,마곡수명산파크7단지,서울특별시 강서구 내발산동 수명로2가길 22,126.821917682228,37.5476628719782
101,마곡수명산파크8단지,서울 강서구 내발산동 745,126.828651828529,37.5516576775725
102,마곡엠밸리11단지아파트,서울특별시 강서구 마곡동 공항대로 124,126.820813156139,37.5594146140987
103,마곡엠밸리2단지,서울특별시 강서구 마곡동 마곡서1로 146,126.821411028637,37.5688249730513
104,마곡엠밸리3단지,서울특별시 강서구 마곡동 736,126.820143984036,37.568100992565
105,마곡엠밸리6단지,서울특별시 강서구 마곡동 743,126.820481062137,37.565321846623
106,마곡엠밸리8단지,서울특별시 강서구 마곡동 마곡서1로 81,126.819154429803,37.5643663889963
107,마곡힐스테이트,서울특별시 강서구 마곡동 725-1,126.817833791526,37.5640310805878
108,방화5단지 아파트,서울특별시 강서구 방화동 금낭화로 287-19,126.810286852537,37.5768038501964
109,방화동부센트레빌,서울특별시 강서구 방화동 875,126.814976041476,37.574703238848
110,방화동성아파트,서울특별시 강서구 방화동 금낭화로23길 8,126.81259277311,37.5794087000437
111,염창힐스테이트 아파트,서울특별시 강서구 염창동 306,126.873552523552,37.551385614756
112,한국공항공사 서울,서울특별시 강서구 방화동 886,126.802991808588,37.5650596091039
113,한사랑2차삼성 아파트,서울특별시 강서구 공항대로59길 64,126.864187166424,37.5546197956583
114,화곡초록 아파트,서울특별시 강서구 화곡동 1139,126.833623087174,37.545684414842
115,관악동부센트레빌 아파트,서울특별시 관악구 봉천동 은천로33길 5,126.950155935997,37.4873001209776
116,관악동작 견인차량 보관소,서울특별시 관악구 신사로 7,126.904067225875,37.4846975978051
117,관악벽산블루밍,서울특별시 관악구 봉천동 은천로 93,126.945247335187,37.4872808290029
118,대우신림2차푸르지오,서울특별시 관악구 신림동 난곡로 66,126.91987541193,37.4610652506245
119,보라매삼성 아파트,서울특별시 관악구 봉천동 보라매로 62,126.927602560192,37.4948015028766
120,봉천건영6차아파트,서울 관악구 봉천동 1701,126.95188953809,37.4770636681279
121,서울대입구아이원,서울특별시 관악구 봉천동 청룡길 78,126.945373832508,37.4783125177698
122,신동아 아파트,서울시 관악구 신림동 신림로 11길 151,126.94059985235,37.4643615824056
123,신림동부센트레빌,서울특별시 관악구 신림동 미성3길 16,126.916061909122,37.4729529742383
124,신림서초 아파트,서울특별시 관악구 신림동 호암로16길 5,126.932244657487,37.4640224515692
125,신림쌍용 아파트,서울특별시 관악구 신림동 미성길 122,126.912173514333,37.4728285117404
126,은천2단지 아파트,서울특별시 관악구 봉천동 인헌12길 46-1,126.964563994137,37.4706654813214
127,청광 아파트,서울특별시 관악구 신림로3가길 45-24,126.942006233038,37.4675966408927
128,강변테크노마트 주차장,서울특별시 광진구 광나루로 56길 85,127.095692162256,37.535725176732
129,광장힐스테이트 아파트,서울특별시 광진구 광장동 아차산로 537-17,127.099658987674,37.5429620594914
130,광진구청 주차장,서울특별시 광진구 자양로 117,127.081912437816,37.5385399017325
131,광진하우스토리한강,서울특별시 광진구 자양동 구의강변로1길 44,127.089626464367,37.5298957755138
132,구의삼성쉐르빌상가,서울특별시 광진구 구의동 199-18,127.094819115944,37.5399004843413
133,구의삼성쉐르빌아파트,서울특별시 광진구 구의동 199-18,127.094819115944,37.5399004843413
134,더샵스타시티 아파트,서울특별시 광진구 자양동 아차산로 262,127.072962760454,37.5370016363785
135,뚝도충전소,서울특별시 광진구 자양3동 510-8,127.069455291024,37.536190418339
136,자양10차현대홈타운,서울특별시 광진구 자양동 뚝섬로34길 25-19,127.070449641356,37.5332248164282
137,자양2동유수지 공영주차장,서울특별시 광진구 뚝섬로 52길 74,0.0,0.0
138,자양금강KCC 아파트,서울특별시 광진구 자양동 아차산로36길 13,127.07439766061,37.537788305399
139,장로회신학대학교,서울특별시 광진구 광장동 353,127.103728656477,37.5501987994512
140,개봉대상아파트,서울 구로구 개봉동 477,126.849781656303,37.4823141960706
141,개봉영화 아파트,서울 구로구 개봉동 475,126.860006160686,37.4961874853839
142,경남1차 아파트,서울특별시 구로구 고척동 경인로47길 150,126.862525433514,37.505814351751
143,고척LIG리가 아파트,서울 구로구 고척동 340,126.86142962034,37.5056327803548
144,고척근린공원 지하주차장,서울특별시 구로구 고척로 45길 39,126.853275884576,37.5065812423584
145,고척벽산블루밍 아파트,서울특별시 구로구 고척동 경인로 390,126.864387662637,37.4944598712943
146,고척스카이돔,서울 구로구 고척동 63-6,126.867086673847,37.4989322888267
147,고척파크푸르지오,서울 구로구 고척동 339,126.858113348584,37.5076107829514
148,구로4동 주택가 공동,서울 구로구 구로동 741-44,126.886985551771,37.4896774093158
149,구로구청 주차장,서울 구로구 구로동 435,126.887654343811,37.4952912295758
150,구로삼성래미안,서울 구로구 구로동 256-1,126.891899158263,37.4877325877276
151,구로성호메이플라워,서울특별시 구로구 구로동 가마산로 283,126.891384859124,37.4969048165442
152,구로아트밸리 공영주차장,서울 구로구 구로동 102,126.889555987604,37.4969472702116
153,근상프리즘아파트,서울 구로구 구로동 1283,126.875552261967,37.4982198946724
154,동아한신아파트,서울 구로구 고척동 327,126.865130985929,37.500913906154
155,롯데 아파트,서울 구로구 구로동 1263,126.88421007151,37.5034982286456
156,신구로자이 아파트,서울 구로구 구로동 501,126.884112834869,37.4998966345713
157,신도림 쌍용플래티넘노블,서울 구로구 구로동 46-7,126.891491801142,37.5006813007967
158,신도림7차e-편한세상아파트,서울특별시 구로구 신도림동 신도림로 56-13,126.882441341584,37.5090772145136
159,신도림동아1차 아파트,서울시 구로구 신도림로 87,126.882239095216,37.5109603819235
160,오류푸르지오,서울 구로구 오류동 346,126.841527883195,37.4916084758634
161,천왕연지타운1단지,서울특별시 구로구 오류동 오류로 30,0.0,0.0
162,천왕이펜하우스2단지,서울특별시 구로구 천왕동 천왕로 92,126.838086363908,37.4852288247652
163,천왕이펜하우스4단지 아파트,서울특별시 구로구 천왕동 천왕로 29,126.838594515677,37.4808009766872
164,천왕이펜하우스5단지,서울특별시 구로구 천왕동 천왕로 10,126.842162072714,37.480726327426
165,항동하버라인3단지,서울 구로구 항동 119-12,126.82426038733,37.4796305692581
166,금천구청 지상 주차장,서울 금천구 시흥동 1020,126.895405140289,37.4568321828641
167,남서울힐스테이트아파트,서울특별시 금천구 시흥동 시흥대로 165,126.900722652942,37.4479033151811
168,메이퀸 웨딩홀,서울 금천구 독산동 152-1,126.897669429435,37.4726228536988
169,지식산업센터(대륭테크노타운2차),서울특별시 금천구 가산디지털1로 33-33,126.884647231561,37.4684624277845
170,지식산업센터(동일테크노타운8차),서울특별시 금천구 범안로 17길 1,0.0,0.0
171,공릉2단지라이프 아파트,서울특별시 노원구 공릉동 섬밭로 156,127.068003309209,37.630780862201
172,공릉8단지청솔아파트,서울특별시 노원구 공릉동 91,127.086010646808,37.6232695689707
173,공릉대동 아파트,서울특별시 노원구 공릉동 동일로175길 38,127.072469740169,37.6198871655597
174,공릉대동2차,서울특별시 노원구 공릉동 동일로195길 39,127.069785679795,37.6268025978855
175,공릉대아2차 아파트,서울특별시 노원구 공릉동 492-1,127.07142868169,37.6233359689655
176,공릉동부 아파트,서울특별시 노원구 공릉동 공릉로 206,127.077932311009,37.6284269324091
177,공릉동현대성우 아파트,서울특별시 노원구 공릉동 공릉로27길 110,127.077469019316,37.6267186068925
178,공릉비선아파트,서울특별시 노원구 공릉동 화랑로51길 78,127.087827761757,37.6258183835065
179,공릉풍림아파트,서울특별시 노원구 공릉동 섬밭로 139,127.065702114261,37.6302815782115
180,노원구청,서울특별시 노원구 상계동 701-1,127.056660485373,37.6541650520921
181,노원도봉지사,서울특별시 노원구 노해로 429,127.05557923531,37.6536615568809
182,노원우성아파트,서울특별시 노원구 상계동 상계로7길 18,127.064828099948,37.6581743611345
183,노원프레미어스엠코,서울특별시 노원구 공릉동 670-20,127.076218870796,37.6185318804274
184,대주파크빌 아파트,서울특별시 노원구 공릉동 섬밭로 52,127.072142365943,37.6213891320978
185,동신 아파트,서울특별시 노원구 공릉동 공릉로 213,127.077392286374,37.627880389159
186,동진신안 아파트,서울특별시 노원구 중계동 중계로 195,127.078912843722,37.6495870762085
187,롯데우성 아파트,서울특별시 노원구 중계동 노원로22길 34,127.072776926918,37.6463693750751
188,미주동방벽운 아파트,서울특별시 노원구 상계동 동일로250길 18,127.056999292729,37.6818424631869
189,북서울시립미술관,서울특별시 노원구 중계동 508,127.067111861997,37.6401157599256
190,삼육대학교,서울특별시 노원구 공릉동 26-21,127.106031650496,37.6429031372143
191,상계동아불암아파트,서울특별시 노원구 상계동 덕릉로 780,127.079126011496,37.6666919810414
192,상계동양 아파트,서울특별시 노원구 상계동 상계로5길 12,127.064263353483,37.6573534252017
193,상계신동아 아파트,서울특별시 노원구 상계동 한글비석로52길 66,127.068121271671,37.667040321534
194,상계주공15단지,서울특별시 노원구 상계동 652,127.055820883513,37.6658310008746
195,상계주공16단지아파트,서울특별시 노원구 상계동 624,127.053725187886,37.6687833155991
196,서울과학기술대학교,서울 노원구 공릉동 172,127.079993291778,37.6329781448463
197,수락리버시티3단지,서울특별시 노원구 상계동 누원로 28,127.053554777755,37.6874771708146
198,월계동세양청마루 아파트,서울특별시 노원구 월계동 석계로13길 35,127.060685926285,37.6207101087949
199,월계우남 아파트,서울특별시 노원구 월계동 화랑로 355,127.067369883892,37.6155540927217
200,월계청백1단지 아파트,서울특별시 노원구 월계동 초안산로 89,127.051919208479,37.6358329336481
201,인재개발원,서울특별시 노원구 노원길 130,0.0,0.0
202,중계건영3차아파트,"서울특별시 노원구 노원로22길 71 (중계동, 건영3차아파트)",127.075881726532,37.6485585203454
203,중계경남롯데상아 아파트,"서울특별시 노원구 섬밭로 265 (중계동, 경남,롯데,상아아파트)",127.06271218051,37.6382861183142
204,중계삼성 아파트,서울특별시 노원구 중계동 중계로14나길 25,127.084139941729,37.6485320166772
205,중계센트럴파크,"서울특별시 노원구 덕릉로70가길 21 (상계동, 중계센트럴파크)",127.059019420457,37.642856915724
206,중계우성3차아파트,서울특별시 노원구 중계동 덕릉로 613,127.073095020048,37.6521797085094
207,중계주공4단지 아파트,서울특별시 노원구 중계동 덕릉로76길 29,127.076114066791,37.6558199303153
208,중계현대2차 아파트,서울특별시 노원구 한글비석로 15길 51,127.073976714547,37.6554437785237
209,학여울청구 아파트,서울특별시 노원구 하계동 동일로207길 186,127.059799450654,37.6379505721363
210,현대그린 아파트,서울특별시 노원구 중계동 중계로8길 39,127.083998288511,37.6468125009299
211,화랑타운,서울특별시 노원구 공릉동 화랑로51길 17,127.089365767636,37.6230778684295
212,대상타운현대아파트,서울특별시 도봉구 방학동 720-1,127.048141717457,37.6651428823127
213,도봉구민회관,"서울특별시 도봉구 도봉로 552 (창동, 도봉구민회관)",127.038684851483,37.654167270914
214,도봉구청,"서울특별시 도봉구 마들로 656 (방학동, 도봉구청)",127.047131400119,37.6687161285201
215,도봉서원 아파트,서울특별시 도봉구 마들로 684-20,127.047008349226,37.6698607827983
216,도봉현대성우 아파트,서울특별시 도봉구 마들로 735-8,127.047817507048,37.676180288621
217,동아에코빌 아파트,서울특별시 도봉구 도봉동 도봉로180길 6-23,127.047009158285,37.6819234514772
218,동아청솔아파트,서울특별시 도봉구 창동 노해로69길 103,127.049275691881,37.6577863519515
219,방학4단지신동아,서울특별시 도봉구 방학동 방학로 200,127.029535975727,37.66282799145
220,방학5단지 신동아 아파트,서울특별시 도봉구 방학동 방학로12길 53,127.028548221122,37.6633420641888
221,방학극동 아파트,서울특별시 도봉구 시루봉로 11길 25-8,127.026521296758,37.6642804585925
222,방학금광포란재,서울특별시 도봉구 방학동 도봉로150바길 26,127.045113134887,37.6649017156735
223,방학명품ESA2단지,서울특별시 도봉구 방학동 도봉로150길 43,127.045847069683,37.6662934478885
224,방학우성1차 아파트,서울특별시 도봉구 방학동 해등로 286-5,127.024159241858,37.6577297495789
225,북한산코오롱하늘채 아파트,서울특별시 도봉구 우이천로 367,127.024070387404,37.6478841889324
226,서울가든 아파트,서울특별시 도봉구 도봉동 도봉산길 35,127.041152294922,37.6869159766475
227,쌍문미라보아파트,"서울특별시 도봉구 시루봉로2길 62 (쌍문동, 쌍문미라보아파트)",127.031412400352,37.655100687047
228,쌍문염광 아파트,서울특별시 도봉구 쌍문동 우이천로30길 28,127.026329281809,37.6484989879998
229,쌍문한양6차 아파트,서울특별시 도봉구 시루봉로 58,127.029410692788,37.6558153216651
230,쌍문현대2차 아파트,서울특별시 도봉구 시루봉로 6길53,127.030083486611,37.659417638339
231,창동2차현대아파트,서울특별시 도봉구 창동 도봉로136길 111,127.046379941319,37.6616433669312
232,창동3차현대아파트,서울특별시 도봉구 창동 도봉로 428,127.032404811461,37.6439530939496
233,창동대동 아파트,서울특별시 도봉구 창동 도봉로 642-30,127.044061582731,37.6618509408129
234,창동대우아파트,"서울특별시 도봉구 덕릉로63가길 43 (창동, 창동대우아파트)",127.038777595865,37.6429228782364
235,창동수산트리플 아파트,서울특별시 도봉구 창동 우이천로20길 6,127.034029727782,37.640417624427
236,창동쌍용 아파트,서울특별시 도봉구 창동 마들로 551,127.048035937611,37.6594619686214
237,창동주공18단지아파트,"서울특별시 도봉구 노해로70길 126 (창동, 주공18단지아파트)",127.052316850268,37.6472697635048
238,창동주공19단지,서울특별시 도봉구 창동 노해로 403,127.052576430748,37.653512289133
239,창동한승미메이드 아파트,서울특별시 도봉구 덕릉로 60길 164-13,127.042883631915,37.6331637902994
240,창동한신 아파트,서울특별시 도봉구 창동 덕릉로60바길 21,127.04101968804,37.6389975216146
241,한일병원,서울특별시 도봉구 쌍문동 388-1,127.028730552181,37.6459160285271
242,홈플러스 방학점,서울특별시 도봉구 도봉로 678,127.043598783853,37.6648602093274
243,효성하이타운,서울특별시 도봉구 방학동 방학로11길 33,127.033017769151,37.6612761190445
244,답십리래미안위브1블럭,서울특별시 동대문구 답십리로 130,127.052401156065,37.5728549565736
245,답십리래미안위브2블럭,서울특별시 동대문구 답십리로 130,127.052401156065,37.5728549565736
246,동일스위트리버,서울특별시 동대문구 휘경동 366,127.068693094024,37.5874102629887
247,래미안엘파인 아파트,서울특별시 동대문구 답십리동 한천로37길 33,127.065813277511,37.576324548704
248,배봉공영주차장,서울특별시 동대문구 망우로 18나길 20,127.061746113577,37.5870929876308
249,브라운스톤휘경,서울특별시 동대문구 휘경동 망우로20길 86,127.06553172159,37.5899979987381
250,이문쌍용아파트,서울특별시 동대문구 이문동 한천로58길 47,127.068769452719,37.6007507501532
251,장안힐스테이트 아파트,서울특별시 동대문구 장안동 장안벚꽃로1길 7,127.074572635161,37.5763379008361
252,전농sk 아파트,서울특별시 동대문구 전농동 10,127.060465846616,37.5766421261107
253,청솔우성,서울특별시 동대문구 답십리동 80,127.059744925084,37.5744798362136
254,회기동 공영주차장,서울특별시 동대문구 회기동 1-1,127.055480410511,37.5920731804727
255,휘경베스트빌현대,서울특별시 동대문구 휘경동 52,127.074189400955,37.5816647278231
256,휘경주공1단지,서울특별시 동대문구 휘경동 57,127.070747052227,37.5829871567703
257,힐스테이트청계,서울특별시 동대문구 답십리동 465-18,0.0,0.0
258,관악동작지사,서울특별시 동작구 동작대로 19,126.980958500451,37.4783088342982
259,대방성원 아파트,서울특별시 동작구 대방동 여의대방로44길 9,126.925917819653,37.5097308417301
260,대우유로카운티,서울특별시 동작구 상도동 양녕로 287,126.949314218171,37.5054024269074
261,동작상떼빌 아파트,서울특별시 동작구 신대방동 신대방1가길 38,126.906939551385,37.487900996008
262,래미안상도3차아파트,서울특별시 동작구 대방동 상도로 53길 8,0.0,0.0
263,보라매아카데미타워 아파트,서울특별시 동작구 신대방동 보라매로5가길 16,126.924094714271,37.4912751024086
264,사당롯데캐슬샤인,서울특별시 동작구 사당동 사당로27길 190,126.971587397179,37.490957111073
265,상도대림 아파트,서울특별시 동작구 상도동 상도로60길 20,126.953260462544,37.4931862305767
266,상도래미안1차 아파트,서울특별시 동작구 상도동 등용로 37,126.933133919908,37.5052397636547
267,상도엠코타운애스톤파크아파트,서울특별시 동작구 상도동 상도로 346-2,126.948270774161,37.4947527141503
268,상도파크자이,서울특별시 동작구 상도동 장승배기로 11,126.943123535758,37.4995054097351
269,서울시여성가족재단,서울특별시 동작구 대방동 345-1,126.927142978899,37.5115785724822
270,숲속마을신동아파밀리에,서울특별시 동작구 신대방동 여의대방로10길 100,126.91453466098,37.4915780693302
271,신대방현대 아파트,서울특별시 동작구 신대방동 여의대방로 28,126.911690497183,37.4952734394062
272,이수힐스테이트,서울특별시 동작구 동작동 동작대로39길 22,126.981965983395,37.4946359814369
273,흑석한강센트레빌,서울특별시 동작구 흑석동 흑석한강로 2,126.966516645021,37.5065990536717
274,e편한세상마포리버파크,서울특별시 마포구 용강동 토정로31길 24,126.943758267542,37.5423544340511
275,공덕아이파크아파트,"서울특별시 마포구 만리재로 36 (신공덕동, 공덕 아이파크)",126.956484943773,37.5445706820001
276,공덕파크자이1단지,서울특별시 마포구 공덕동 백범로 152,126.948258201287,37.5447477438441
277,공덕파크자이2단지,서울특별시 마포구 공덕동 백범로 152,126.948258201287,37.5447477438441
278,대명 아파트,서울특별시 마포구 연남동 동교로39길 11,126.92366646873,37.5616901046235
279,래미안마포리버웰,서울특별시 마포구 용강동 토정로31길 23,126.941479693192,37.5416322568747
280,래미안밤섬리베뉴1 아파트,서울특별시 마포구 상수동 독막로20나길 22,126.924894786748,37.5460693945368
281,래미안밤섬리베뉴2,서울특별시 마포구 상수동 독막로20나길 21,126.926979411783,37.5468742127947
282,롯데캐슬프레지던트,서울특별시 마포구 공덕동 마포대로 109,126.950886259458,37.5451188164137
283,마포대림1차 아파트,서울특별시 마포구 용강동 마포대로1길 21,126.942208406087,37.5398587273954
284,마포도화우성아파트,서울특별시 마포구 도화동 삼개로 38,126.947112538012,37.5366629254706
285,마포래미안푸르지오 1단지,서울특별시 마포구 아현동 마포대로 195,126.954304704528,37.5524303507163
286,마포래미안푸르지오 2단지,서울특별시 마포구 아현동 마포대로 195,126.954304704528,37.5524303507163
287,마포래미안푸르지오 3단지,서울특별시 마포구 아현동 마포대로 195,126.954304704528,37.5524303507163
288,마포래미안푸르지오 4단지,서울특별시 마포구 아현동 마포대로 195,126.954304704528,37.5524303507163
289,마포용산지사,서울특별시 마포구 토정로37길 38,126.946631564659,37.5420524010189
290,마포자이2차아파트,서울특별시 마포구 대흥동 804,126.942013806591,37.5491854152852
291,마포중앙도서관,서울특별시 마포구 성산로 128,126.908201874198,37.5637954434775
292,마포트라팰리스2차,서울특별시 마포구 아현동 738,126.955508744375,37.5521775399871
293,마포한강2차 푸르지오아파트,서울특별시 마포구 합정동 473,126.911865545526,37.551053181259
294,마포한강푸르지오1차,"서울특별시 마포구 월드컵로1길 14 (합정동, 마포 한강 푸르지오)",126.912061257921,37.5500497954747
295,메세나폴리스 아파트,서울특별시 마포구 양화로 45,126.91395024016,37.5515008030203
296,브라운스톤공덕 아파트,서울특별시 마포구 신공덕동 백범로 230,126.954503067981,37.5418528811095
297,상암월드컵경기장,서울특별시 마포구 월드컵로 240,126.897273034482,37.5682884450841
298,상암월드컵파크3단지,서울특별시 마포구 상암동 월드컵로 338,126.890087309482,37.5727723522692
299,성지(주상복합) 아파트,서울특별시 마포구 도화동 큰우물로 75,126.946294819719,37.5412654954538
300,신공덕3삼성래미안,서울특별시 마포구 신공덕동 만리재로 60,126.957000367525,37.5459601213826
301,신촌포스빌,서울특별시 마포구 노고산동 1-3,126.942269105772,37.5562257581317
302,쌍용황금,서울특별시 마포구 마포동 마포대로 6,126.94442612341,37.5372916712659
303,용산역 아이파크몰,서울특별시 한강대로 23길 55,126.964741503485,37.5297718014452
304,창전삼성 아파트,서울특별시 마포구 창전동 서강로 95,126.932100095013,37.5520441337502
305,한강삼성 아파트,서울특별시 마포구 토정동 토정로32길 11,126.940986623851,37.5398472210499
306,DMC래미안e편한세상,서울특별시 서대문구 북가좌동 481,126.910550761779,37.5726489857162
307,DMC센트럴아이파크아파트,서울특별시 서대문구 남가좌동 388,126.920840268509,37.5793624340491
308,DMC아이파크 아파트,서울특별시 서대문구 북가좌동 거북골로14길 32,126.91446683605,37.5769549472376
309,남가좌삼성 아파트,서울특별시 서대문구 남가좌동 377,126.916529880454,37.5777836266316
310,돈의문센트레빌 아파트,서울특별시 서대문구 냉천동 261,126.961583473485,37.566139089896
311,무악청구2차 아파트,서울특별시 서대문구 홍제동 통일로 344,126.951439676557,37.5812727862731
312,서부수도사업소,서울특별시 서대문구 홍제동 38-69,126.952246773648,37.5828591343749
313,연세대학교,서울특별시 서대문구 신촌동 134,126.939496947674,37.5646996861555
314,연희대우 아파트,서울특별시 서대문구 연희동 739,126.929514782543,37.5615205693803
315,연희동성원아파트,"서울특별시 서대문구 연희로32길 48 (연희동, 연희동성원아파트)",126.937263003322,37.5758600491846
316,인왕산한신휴플러스,서울특별시 서대문구 홍제동 통일로 397,126.947398082336,37.5851683009936
317,홍은1동 제4공영주차장,서울특별시 서대문구 홍은중앙로 125,126.949180903772,37.6015271279002
318,LH서초4단지 아파트,서울특별시 서초구 우면동 788,127.023654863934,37.458461703115
319,LH서초5단지,서울특별시 서초구 우면동 368-1,0.0,0.0
320,강남전력지사,서울특별시 서초구 서초동 1355,127.027997913072,37.4856991983769
321,국립 중앙도서관,서울 서초구 반포동 산 94-1,127.002314277128,37.4966957753354
322,남서울농협 하나로마트 우면점,서울특별시 서초구 우면동 763,127.015985075929,37.4568722517093
323,래미안서초7차 아파트,서울특별시 서초구 서초동 1642-34,127.017522958785,37.4920344903467
324,래미안서초스위트 아파트,서울특별시 서초구 서초동 1301-6,127.020505472248,37.5022952134583
325,롯데캐슬헤론,서울특별시 서초구 방배동 754-1,126.984306628076,37.4969407304439
326,리첸시아방배,서울특별시 서초구 방배동 755-14,126.985708251969,37.4972805877961
327,반포리체 아파트,서울특별시 서초구 반포동 30-26,127.013532527704,37.5037456658496
328,반포미도아파트,서울 서초구 반포동 60-4,127.008779079669,37.5013542148345
329,방배1차 e편한세상,서울특별시 서초구 방배동 884-2,0.0,0.0
330,방배3차e편한세상,서울특별시 서초구 방배동 797-30,126.991987305661,37.4942905588855
331,방배동부센트레빌 아파트,서울특별시 서초구 방배동 3275,126.98805528711,37.4976247626044
332,방배롯데캐슬아르떼,서울 서초구 방배동 424-28,126.984446674831,37.4836231357856
333,방배롯데캐슬포레스트,서울특별시 서초구 방배동 844-1,0.0,0.0
334,방배아이파크 아파트,서울특별시 서초구 방배동 3277,126.984838188636,37.4916044057418
335,삼창골든빌리지 입주자대표회의,서울특별시 서초구 반포동 동광로32길 7,126.997292069827,37.4937138847687
336,서울시립어린이병원,서울특별시 서초구 내곡동 6-7,0.0,0.0
337,서초 참누리 에코리치 아파트,서울특별시 서초구 우면동 753,127.013251949969,37.4564360491133
338,서초2차e편한세상아파트,서울 서초구 서초동 1529,127.008975184076,37.4862635029913
339,서초경남아너스빌201동,서울특별시 서초구 서초동 1456-2,127.014232764398,37.4838215241376
340,서초네이처힐1단지,서울특별시 서초구 우면동 707,127.019939449084,37.4636072574097
341,서초네이처힐6단지,서울특별시 서초구 우면동 737,127.026490636114,37.4614498491198
342,서초네이처힐7단지,서울특별시 서초구 우면동 735,127.023216339641,37.4618187813328
343,서초더샵포레,서울특별시 서초구 내곡동 77,127.06446540186,37.4510653000983
344,서초동일하이빌,서울특별시 서초구 서초동 1542-1,127.008362719227,37.4915991360134
345,서초롯데캐슬84,서울특별시 서초구 서초동 1642-14,127.018263615359,37.4924916393727
346,서초롯데캐슬프레지던트,서울특별시 서초구 서초동 1681-8,127.019673378411,37.4968632788293
347,서초리젠 아파트,서울특별시 서초구 서초동 1444-19,127.019688514089,37.4843024201286
348,서초아크빌,서울 서초구 서초동 1568-1,127.012809769776,37.4907034064046
349,서초지사,서울특별시 서초구 효령로 72길 60,127.028078834421,37.4856046634033
350,서초포레스타5단지,서울특별시 서초구 신원동 374,0.0,0.0
351,서초힐스 아파트,서울특별시 서초구 우면동 773,127.018070846664,37.4573997644016
352,신세계 강남점,서울 서초구 반포동 19-3,127.003620888061,37.5043641148563
353,아크로리버파크,서울특별시 서초구 반포동 2-12,126.992771916234,37.5054572291322
354,양재리본타워2단지아파트,서울 서초구 양재동 212,127.036155073028,37.4650016885734
355,예술의 전당,서울 서초구 서초동 산 130-19,127.012034362011,37.4798284970686
356,월드메르디앙 아파트,서울특별시 서초구 서초동 1549-3,127.010443816763,37.4901851093809
357,태남빌딜 주차장,서울특별시 서초구 잠원로3길 40,127.003658736923,37.5082128473478
358,한국타이어 서초점,서울특별시 서초구 서초동 1343-2,127.026165068772,37.4876126389799
359,현대ESA아파트,서울특별시 서초구 서초동 1338,127.029485443239,37.4908947687746
360,현대멤피스(A),서울특별시 서초구 방배동 774-19,126.988950519605,37.4942599499514
361,현대멤피스(B),서울특별시 서초구 방배동 772-13,126.988366427362,37.4951763080247
362,e편한세상 금호파크힐스,서울특별시 성동구 금호동1가 금호로 140,127.021929323445,37.553725583492
363,광진성동지사,서울특별시 성동구 마장로27길 13,0.0,0.0
364,금호자이1차,서울특별시 성동구 금호동2가 금호로 117,127.021435595291,37.5530604673758
365,리버그린동아 아파트,서울특별시 성동구 응봉동 고산자로4길 34,127.036859978442,37.5526533730412
366,서울 새활용플라자,서울특별시 성동구 자동차시장길 49,127.057851176035,37.5586850612677
367,서울숲M타워,서울특별시 성동구 성수동1가 656-334,127.04656726879,37.5440753196882
368,서울숲푸르지오 아파트,서울특별시 성동구 금호동4가 금호로 15,127.022724633668,37.5438567048439
369,성수2차대우 아파트,서울특별시 성동구 성수동1가 상원6길 16,127.050254849242,37.5485289774262
370,성수동아이파크 아파트,서울특별시 성동구 성수동2가 성수이로 137,127.056473146865,37.547925110995
371,센트라스 1획지,서울특별시 성동구 하왕십리동 843,0.0,0.0
372,센트라스 2획지,서울특별시 성동구 상왕십리동 289-5,0.0,0.0
373,센트라스 3획지,서울특별시 성동구 상왕십리동 302-2,0.0,0.0
374,센트라스 6획지,서울특별시 성동구 하왕십리동 674-1,0.0,0.0
375,한양대학교,서울특별시 성동구 사근동 110,127.048167162612,37.557583164775
376,행당한진타운,서울특별시 성동구 행당동 행당로 82,127.027399715208,37.5548088817349
377,고려대학교,서울특별시 성북구 안암동5가 1-2 (고려대학교안암캠퍼스),127.032647037966,37.5887158677767
378,고려대학교(자연과학),서울특별시 성북구 안암동5가 126-16 (고려대학교안암캠퍼스),127.026344908712,37.5836199850606
379,국민대학교,서울특별시 성북구 정릉동 861-1,126.997665424874,37.6109536602917
380,금호어울림 센터힐 아파트,서울특별시 성북구 돈암동 643,127.022750193302,37.6003766616613
381,길음래미안3차,서울특별시 성북구 길음동 1283,127.022893664052,37.6062694708825
382,꿈의숲대명루첸 아파트,서울특별시 성북구 장위동 317,127.047001861835,37.6205468770084
383,대림 샹그레빌,서울특별시 성북구 하월곡동 224,127.041393315971,37.5964358866582
384,돈암더샵아파트,서울특별시 성북구 돈암동 603,127.010006432046,37.5976209472385
385,돈암일신건영휴먼빌 아파트,서울특별시 성북구 돈암동 524,127.012568720788,37.6007329051266
386,돈암현대,서울 성북구 돈암동 1-3,127.028905055411,37.604095684563
387,동일하이빌뉴시티 아파트,서울특별시 성북구 하월곡동 88-387,0.0,0.0
388,래미안아트리지,서울특별시 성북구 석관동 410,127.063614432719,37.6060457872052
389,보문하우스토리,서울특별시 성북구 보문동4가 116,127.020967748216,37.5841413862939
390,브라운스톤돈암아파트,서울특별시 성북구 돈암동 636,127.017576773103,37.5980217244898
391,삼선 SK뷰 아파트,서울특별시 성북구 삼선동3가 116,127.011639179336,37.5873141701073
392,삼선푸르지오 아파트,서울특별시 성북구 삼선동2가 425,127.013382220928,37.5834928738163
393,삼선힐스테이트,서울특별시 성북구 삼선동2가 294-8,127.010649315248,37.5835668532601
394,석관두산 아파트,서울특별시 성북구 석관동 10,127.068705662251,37.6126556534515
395,성북동아에코빌아파트,서울특별시 성북구 상월곡동 101,127.045423992015,37.6078992370885
396,정릉2차 e편한세상 아파트,서울특별시 성북구 정릉동 1035,127.019402892439,37.5999446937385
397,정릉e편한세상 아파트,서울특별시 성북구 정릉동 1028,127.01024117658,37.6149954353423
398,정릉풍림아이원,서울특별시 성북구 정릉동 239,127.007297911588,37.6184876142783
399,종암삼성래미안,서울특별시 성북구 종암동 80,127.030155293619,37.6009876756256
400,한신휴아파트,서울특별시 성북구 동소문동7가 23,127.014148072591,37.5951748724595
401,가락2동 주민센터,서울 송파구 가락동 154,127.126604577674,37.4987165798844
402,가락시장,서울특별시 송파구 양재대로 932,127.108713599026,37.4945376921828
403,가락쌍용1차 아파트,서울특별시 송파구 가락동 동남로 193,127.129223095507,37.4946982310161
404,가락우성2차 아파트,서울특별시 송파구 가락동 중대로12길 35,127.125471424252,37.4920155636208
405,갤러리아팰리스,서울 송파구 잠실동 40,127.093918656887,37.5111038313694
406,거여1단지 아파트,서울특별시 송파구 거여동 양산로8길 8,127.144566964221,37.4909161360666
407,거여2동 주민센터,서울 송파구 거여동 195-1,127.146819796149,37.4935848422539
408,거여4단지 아파트,서울특별시 송파구 거여동 양산로4길 8,127.143391710665,37.4895852494692
409,거여5단지 아파트,서울특별시 송파구 거여동 양산로4길 16,127.144964294087,37.4892096827534
410,더샵스타리버 아파트,서울특별시 송파구 올림픽로35길 93,127.104433208829,37.5177325159958
411,레이크팰리스,서울특별시 송파구 잠실동 잠실로 88,127.093214315872,37.5075341594038
412,리센츠 아파트,서울시 송파구 올림픽로 135,127.089889095677,37.516733284228
413,마천동1공영주차장,서울특별시 송파구 성내천로43길 6,127.155558518602,37.4952871021843
414,문정근린공원 공영주차장,서울 송파구 문정동 38-3,127.124670083596,37.485984078329
415,문정래미안아파트,서울특별시 송파구 문정동 문정로 83,127.130231968818,37.4892043157404
416,방이동 공영주차장,서울특별시 송파구 백제고분로 481,127.113861456208,37.5135645020561
417,방이동숙소,서울특별시 송파구 오금로 27길 29,0.0,0.0
418,삼전동 공영주차장,서울 송파구 삼전동 175-8,127.095874969764,37.5002460513038
419,송파공영주차장,서울 송파구 송파동 128,127.113346095481,37.5070362319824
420,송파구청,서울특별시 송파구 신천동 29-5 송파구청 앞,127.10608503949,37.5146111399793
421,송파꿈에그린(위례24단지),서울 송파구 장지동 516,0.0,0.0
422,송파삼성래미안,서울특별시 송파구 송파동 오금로32길 14,127.117804530879,37.5052537370259
423,송파성원상떼빌,서울특별시 송파구 가락동 송파대로28길 27,127.120093192726,37.4948868947464
424,송파와이즈더샵,서울특별시 송파구 장지동 위례광장로 270,127.143651745415,37.4771063341487
425,송파파인타운10단지,서울특별시 송파구 장지동 송파대로8길 20,127.131186737728,37.4781340156972
426,송파파인타운1단지아파트,서울 송파구 장지동 833,127.134811218952,37.4870071185929
427,송파파인타운5단지,서울특별시 송파구 장지동 충민로4길 5,127.129726468504,37.4796206706018
428,송파파인타운6단지 아파트,서울특별시 송파구 충민로6길 14,127.131439613448,37.4806977349833
429,송파파인타운7단지,서울시 송파구 충민로 4길 19,127.129952666259,37.4792099224867
430,송파파인타운9단지,서울시 송파구 송파대로 8길 17,127.12919592556,37.4780034005749
431,송파파크데일1단지 아파트,서울특별시 송파구 마천동 성내천로37길 37,127.158101313303,37.4987850346578
432,송파파크데일2단지,서울특별시 송파구 마천동 성내천로47길 38,127.158162993388,37.4963409744022
433,송파한라비발디,서울특별시 송파구 장지동 453-1 위례22단지 정문,0.0,0.0
434,송파현대힐스테이트,서울특별시 송파구 풍납동 풍성로26길 31,127.118304561274,37.5308498276741
435,쌍용스윗닷홈 거여1차 아파트,서울 송파구 거여동 28,127.146613869883,37.4919031892277
436,위례 포레샤인 23단지,서울 송파구 장지동 380-1,127.135540259597,37.4759719061833
437,위례송파푸르지오 아파트,서울특별시 송파구 장지동 위례광장로 185,127.139929030117,37.4804805738481
438,위례스타힐스,서울특별시 송파구 장지동 위례광장로 215,127.144854722824,37.4817120824503
439,잠실롯데캐슬골드 아파트,서울특별시 송파구 신천동 올림픽로 269,127.100611434725,37.5144273491608
440,잠실파크인수,서울 송파구 잠실동 250-5,127.08774546626,37.5047606403469
441,잠실한양3차 아파트,서울특별시 송파구 방이동 양재대로 1089,127.122482653015,37.5058510304045
442,풍납2동 주민센터,서울 송파구 풍납동 403-11,127.116862721802,37.5287258917685
443,풍납쌍용,서울특별시 송파구 풍납동 올림픽로47길 9,127.118040521722,37.52741655661
444,한강극동아파트,서울특별시 송파구 풍납동 토성로 38-6,127.114054184816,37.5294607910398
445,한국광고문화회관,서울 송파구 신천동 7-11,127.099633051959,37.5159816886306
446,호수임광아파트,서울특별시 송파구 송파동 송파대로48길 29,127.107137210321,37.5103427659692
447,가로공원 공영주차장,서울특별시 양천구 신월동 263,126.829045679836,37.5359859222207
448,강서양천지사,서울 양천구 신정동 319-1,126.868841587729,37.5197381642047
449,목4동현대 아파트,서울특별시 양천구 목동 755-1,126.870052257499,37.538220656572
450,목동 현대하이페리온2아파트,서울 양천구 목동 961,126.869916701549,37.5243483395844
451,목동2차우성아파트,서울 양천구 신정동 337,126.866720771352,37.5078748013929
452,목동삼성쉐르빌1,서울특별시 양천구 신정동 318-10,126.870431626145,37.5226627705923
453,목동트윈빌,서울특별시 양천구 목동 905-22,126.876818101597,37.5321806648683
454,목동힐스테이트아파트,서울특별시 양천구 신정동 중앙로36길 15,126.855945462003,37.5207753299155
455,부영그린타운2차,서울특별시 양천구 목동 908-28,126.881122266784,37.5363537343598
456,서울에너지공사 주차장,서울특별시 양천구 목동 900,126.88378256917,37.539747745712
457,신월코아루1단지아파트,서울특별시 양천구 신월동 남부순환로56길 9,126.829812640096,37.5316227665795
458,신월해주 아파트,서울특별시 양천구 신월동 217-8,126.834656403746,37.5271035607392
459,신정뉴타운두산위브아파트,서울특별시 양천구 신월로20길 7,126.846073415825,37.5192826202131
460,신정동일하이빌아파트,서울 양천구 신정동 1310,126.839118621137,37.5118701719947
461,신정숲속마을아파트,서울특별시 양천구 신정동 1324,126.83491797575,37.5057868350026
462,신정이펜하우스 2단지,서울특별시 양천구 신정이펜2로 55,126.830864711379,37.5151325262449
463,양천벽산블루밍 아파트,서울특별시 양천구 신월동 1026,126.839445890783,37.5243595021116
464,우당 아파트,서울특별시 양천구 신월동 506-1,126.847577354117,37.5229954377086
465,푸른마을2단지,서울특별시 양천구 신정동 1281,126.835370168234,37.5135514147541
466,국회의사당,서울 영등포구 여의도동 1,126.915381487445,37.5310586079353
467,남서울직할,서울 영등포구 여의도동 21,126.930283812254,37.5275455196585
468,남서울직할(영등포)지사,서울 영등포구 문래동3가 80,126.893054898037,37.519736441275
469,당산대우 아파트,서울 영등포구 당산동2가 16-1,126.893016993992,37.5211689109638
470,대림동현대3차 아파트,서울 영등포구 대림동 608-1,126.895613306369,37.5055326031402
471,대림어린이공원 공영주차장,서울 영등포구 대림동 870,126.903440023617,37.4911277585969
472,대림운동장 공영주차장,서울 영등포구 대림동 780,126.894703834406,37.4996905784057
473,롯데캐슬엠파이어,서울특별시 영등포구 여의도동 의사당대로 127,126.926406742546,37.5202405439146
474,문래건영아파트,서울 영등포구 문래동3가 93-1,126.892459322492,37.5183980014507
475,문래금호어울림 아파트,서울 영등포구 문래동3가 97,126.897615078392,37.5190741907521
476,문래자이아파트,서울특별시 영등포구 문래동3가 당산로4길 12,126.897390411182,37.5162757506262
477,보라매벚꽃마을아파트,서울특별시 영등포구 신길동 대방천로14길 34,126.910193416467,37.4959195038102
478,신길경남 아파트,서울 영등포구 영등포로 351,126.918031063934,37.5153110458501
479,신길뉴타운한화꿈에그린,서울특별시 영등포구 신길동 신길로 119,126.909709665827,37.5035102897921
480,신길삼성래미안,서울특별시 영등포구 신길동 가마산로79길 7,126.914597806278,37.505139698634
481,양평한신아파트,서울 영등포구 양평동5가 76,126.892103512609,37.5401145097335
482,영등포레미안 아파트,서울 영등포구 신길동 4945,126.908013434753,37.5048285933146
483,영등포아트자이 아파트,서울특별시 영등포구 도림동 도영로 66,126.900176553265,37.5103949442095
484,영등포전력지사,서울특별시 영등포구 경인로 878,126.910227411633,37.5170173690631
485,LG한강자이 아파트,서울특별시 용산구 이촌동 이촌로64길 15,126.971360759273,37.5203555055461
486,국립 중앙 박물관,서울특별시 용산구 용산동6가 11-426,126.979065016264,37.5232952924298
487,대우월드마크용산,서울특별시 용산구 한강로1가 64,126.972984984131,37.5371756077648
488,동아그린 아파트,서울특별시 용산구 이촌로 100-8,126.957968161392,37.5244879118315
489,래미안첼리투스,서울특별시 용산구 이촌동 이촌로 300,126.980323377172,37.5178439903271
490,리첸시아 아파트,서울특별시 용산구 백범로 341,126.967973433167,37.5379386735674
491,리첸시아용산B블록,서울특별시 용산구 원효로1가 백범로 341,126.967973433167,37.5379386735674
492,용산더프라임,서울특별시 용산구 원효로1가 원효로90길 11,126.969718522289,37.5403958008247
493,용산시티파크1단지,서울특별시 용산구 한강로3가 서빙고로 35,126.968610877882,37.5247695394853
494,용산아크로타워,서울특별시 용산구 문배동 백범로90길 26,126.968448422441,37.5365991940491
495,용산이안 아파트,서울특별시 용산구 문배동 백범로90길 74,126.969865080417,37.5380767541768
496,용산전자상가1 공영주차장,서울특별시 용산구 한강로3가 12,126.964706360444,37.5320841208167
497,용산한신 아파트,서울특별시 용산구 용산동2가 녹사평대로 245,126.987079028306,37.5401911157794
498,이안용산프리미어,서울특별시 용산구 문배동 청파로 213,126.970349257166,37.5385969340715
499,전쟁기념관,서울특별시 용산구 이태원로 29,126.978466063237,37.5373140468913
500,청암자이 아파트,"서울특별시 용산구 삼개로 60 (청암동, 천년명가 청암자이)",126.947642942696,37.5350715443607
501,파크타워 아파트,서울특별시 용산구 용산동5가 서빙고로 67,126.970412727842,37.5248628078572
502,프라임팰리스,서울특별시 용산구 문배동 백범로90길 38,126.969546569074,37.5366912041912
503,한강대우,서울특별시 용산구 이촌동 이촌로 181,126.970663574293,37.5221513034071
504,한국타이어 한남점,서울특별시 용산구 한남대로 80,127.006414673403,37.5357247591601
505,한남동현대하이페리온,서울특별시 용산구 한남동 서빙고로 413,127.00423810245,37.5272224683496
506,꿈에그린,서울특별시 은평구 진관동 65-31,126.920045518865,37.6403184958885
507,서대문은평지사,서울특별시 은평구 통일로 659,126.933381663571,37.6053532508237
508,서북병원,서울특별시 은평구 갈현로7길 49,126.905664235484,37.6043567763756
509,서울특별시은평병원 주차장,서울특별시 은평구 백련산로 90,126.923210588363,37.5939702620381
510,은평뉴타운우물골6단지,서울특별시 은평구 진관동 진관2로 57-7,126.92323609983,37.6343737542102
511,은평스카이뷰자이아파트,서울특별시 은평구 진관동 62,126.91868384036,37.6414763211896
512,은평평화공원 공영주차장,서울특별시 은평구 녹번동 153-1,126.923068054808,37.6057135010588
513,응암3동 공영주차장,"서울특별시 은평구 불광천길 436 (응암동, 응암공영주차장)",126.915382656624,37.593471797038
514,한국프라우드아파트,서울특별시 은평구 역촌동 9-54,126.915757919229,37.6062132438513
515,경희궁의아침3단지 아파트,서울특별시 종로구 내수동 사직로8길 34,126.972154874023,37.5735669794965
516,광화문스페이스본 아파트,서울특별시 종로구 사직동 사직로8길 4,126.968575235313,37.5746540320628
517,국립현대미술관 서울관,서울특별시 종로구 삼청로 30,126.980087994867,37.5786280284849
518,동성빌라,서울특별시 종로구 구기동 비봉2길 32,126.958592446747,37.6117043309478
519,롯데캐슬천지인,서울특별시 종로구 숭인동 종로 347,127.016000015149,37.5740562569508
520,명륜아남1차 아파트,서울특별시 종로구 명륜2가 창경궁로 265,126.99960203377,37.585876127948
521,무악현대 아파트,서울특별시 종로구 무악동 통일로 246-20,126.961914831217,37.5769296050597
522,석탄회관,서울특별시 종로구 종로5길 58,126.980337085397,37.5729095481038
523,인왕산2차아이파크,서울특별시 종로구 무악동 통일로 246-20,126.961914831217,37.5769296050597
524,종로센트레빌,서울특별시 종로구 숭인동 동망산길 47,127.015738287163,37.5815574293752
525,창신두산 아파트,서울특별시 종로구 창신동 지봉로5길 7,127.013834360919,37.5740774336835
526,창신쌍용2단지 아파트,서울특별시 종로구 창신동 낙산길 198,127.011185827224,37.5804181914763
527,창신이수 아파트,서울특별시 종로구 창신동 지봉로 87,127.014558601401,37.5780295588982
528,효성주얼리시티,서울특별시 종로구 인의동 종로 183,126.998660420118,37.5714414748387
529,LIG서울역리가아파트,서울특별시 중구 만리동1가 231,126.967001745344,37.5558684646262
530,국립중앙극장,서울특별시 중구 장충동2가 산 14-67,127.000130823899,37.5528710410535
531,남산롯데캐슬아이리스 아파트,서울특별시 중구 소공로 35,126.981744459746,37.5582247092319
532,남산센트럴자이,서울특별시 중구 충무로4가 퇴계로 235,126.997824376224,37.562514395202
533,남산케이블카,서울특별시 중구 회현동1가 산 1-19,126.984090642873,37.5565696462715
534,남산타운 아파트,"서울특별시 중구 다산로 32 1동,21동,31동",127.005677166122,37.5471667734011
535,덕수궁 롯데캐슬,서울특별시 중구 순화동 서소문로9길 28,126.970042986983,37.5637084894676
536,동대문디자인플라자,서울특별시 중구 을지로 281,127.010909140996,37.5680142223789
537,롯데캐슬베네치아,서울특별시 중구 황학동 청계천로 400,127.021463886656,37.5708105464699
538,서울시청,"서울특별시 중구 세종대로 110 (태평로1가, 서울시청)",126.977829174031,37.5663174209601
539,서울전력관리처,서울특별시 중구 퇴계로 140,126.987469139361,37.5606560752661
540,서울직할,서울특별시 중구 남대문로 92,126.983371857314,37.5652758792893
541,쌍용남산플래티넘 아파트,서울특별시 중구 소공로 46,126.983219915695,37.5594119017486
542,한국관광공사 옆 노상 공영주차장,서울특별시 중구 다동 85-4,126.982027275278,37.5681821148578
543,동대문중랑지사,서울특별시 중랑구 동일로 862,127.079242963469,37.6074688115758
544,면목3동 공영주차장,서울특별시 중랑구 면목동 1081-1,127.093822946237,37.580789135621
545,"면목두산2,3차 아파트",서울특별시 중랑구 면목동 면목로37길 58,127.083602633631,37.5807751024093
546,"면목두산4,5단지 아파트",서울특별시 중랑구 면목동 사가정로42길 90,127.081092507639,37.5779593558972
547,면목두원 아파트,서울특별시 중랑구 면목동 동일로 483,127.079752424193,37.5735627859187
548,묵동자이1단지 아파트,서울특별시 중랑구 묵동 숙선옹주로 6-9,127.077888682936,37.614842144969
549,묵동자이2단지 아파트,서울특별시 중랑구 묵동 동일로 932,127.077557139207,37.6138393830212
550,브라운스톤태릉 아파트,서울특별시 중랑구 묵동 공릉로18길 59,127.0814315198,37.6186494912113
551,상봉우정 아파트,서울특별시 중랑구 상봉동 상봉중앙로1다길 21,127.089390602044,37.5998227882824
552,신내7단지진로아파트,서울특별시 중랑구 신내동 654,127.093292571921,37.6140924325305
553,신내LG쌍용아파트,서울특별시 중랑구 상봉동 봉화산로 130,127.08846839655,37.6031912047672
554,신내건영1차 아파트,서울 중랑구 상봉동 1,127.093545075406,37.6039982711767
555,신내우디안1단지,서울특별시 중랑구 신내동 신내역로1길 85,127.106293721634,37.6168090895238
556,신내테크노타운,서울특별시 중랑구 상봉동 485,127.087773830917,37.6040328876354
557,중랑숲리가 아파트,서울특별시 중랑구 망우동 망우로75길 19,127.104896125324,37.6017262522479
558,중랑해모로 아파트,서울특별시 중랑구 망우동 양원역로 6,127.108477017212,37.6011962063332
559,한일써너스빌 아파트,서울특별시 중랑구 상봉동 81-5,127.091181352662,37.5971033094494
